{
  "id": "MAP_LITTLEROOT_TOWN_BRENDANS_HOUSE_2F",
  "name": "LittlerootTown_BrendansHouse_2F",
  "layout": "LAYOUT_LITTLEROOT_TOWN_BRENDANS_HOUSE_2F",
  "music": "MUS_LITTLEROOT",
  "region_map_section": "MAPSEC_LITTLEROOT_TOWN",
  "requires_flash": false,
  "weather": "WEATHER_NONE",
  "map_type": "MAP_TYPE_INDOOR",
  "allow_cycling": false,
  "allow_escaping": false,
  "allow_running": false,
  "show_map_name": false,
  "battle_scene": "MAP_BATTLE_SCENE_NORMAL",
  "connections": null,
  "object_events": [
    {
      "graphics_id": "OBJ_EVENT_GFX_RIVAL_BRENDAN_NORMAL",
      "x": 7,
      "y": 1,
      "elevation": 0,
      "movement_type": "MOVEMENT_TYPE_FACE_DOWN",
      "movement_range_x": 1,
      "movement_range_y": 0,
      "trainer_type": "TRAINER_TYPE_NONE",
      "trainer_sight_or_berry_tree_id": "0",
      "script": "RivalsHouse_2F_EventScript_Rival",
      "flag": "FLAG_HIDE_LITTLEROOT_TOWN_BRENDANS_HOUSE_RIVAL_BEDROOM"
    },
    {
      "graphics_id": "OBJ_EVENT_GFX_VAR_0",
      "x": 0,
      "y": 0,
      "elevation": 0,
      "movement_type": "MOVEMENT_TYPE_LOOK_AROUND",
      "movement_range_x": 0,
      "movement_range_y": 0,
      "trainer_type": "TRAINER_TYPE_NONE",
      "trainer_sight_or_berry_tree_id": "0",
      "script": "0x0",
      "flag": "FLAG_DECORATION_1"
    },
    {
      "graphics_id": "OBJ_EVENT_GFX_VAR_1",
      "x": 0,
      "y": 1,
      "elevation": 0,
      "movement_type": "MOVEMENT_TYPE_LOOK_AROUND",
      "movement_range_x": 0,
      "movement_range_y": 0,
      "trainer_type": "TRAINER_TYPE_NONE",
      "trainer_sight_or_berry_tree_id": "0",
      "script": "0x0",
      "flag": "FLAG_DECORATION_2"
    },
    {
      "graphics_id": "OBJ_EVENT_GFX_VAR_2",
      "x": 0,
      "y": 2,
      "elevation": 3,
      "movement_type": "MOVEMENT_TYPE_LOOK_AROUND",
      "movement_range_x": 0,
      "movement_range_y": 0,
      "trainer_type": "TRAINER_TYPE_NONE",
      "trainer_sight_or_berry_tree_id": "0",
      "script": "0x0",
      "flag": "FLAG_DECORATION_3"
    },
    {
      "graphics_id": "OBJ_EVENT_GFX_VAR_3",
      "x": 0,
      "y": 3,
      "elevation": 3,
      "movement_type": "MOVEMENT_TYPE_LOOK_AROUND",
      "movement_range_x": 0,
      "movement_range_y": 0,
      "trainer_type": "TRAINER_TYPE_NONE",
      "trainer_sight_or_berry_tree_id": "0",
      "script": "0x0",
      "flag": "FLAG_DECORATION_4"
    },
    {
      "graphics_id": "OBJ_EVENT_GFX_VAR_4",
      "x": 0,
      "y": 4,
      "elevation": 0,
      "movement_type": "MOVEMENT_TYPE_LOOK_AROUND",
      "movement_range_x": 0,
      "movement_range_y": 0,
      "trainer_type": "TRAINER_TYPE_NONE",
      "trainer_sight_or_berry_tree_id": "0",
      "script": "0x0",
      "flag": "FLAG_DECORATION_5"
    },
    {
      "graphics_id": "OBJ_EVENT_GFX_VAR_5",
      "x": 0,
      "y": 5,
      "elevation": 4,
      "movement_type": "MOVEMENT_TYPE_LOOK_AROUND",
      "movement_range_x": 0,
      "movement_range_y": 0,
      "trainer_type": "TRAINER_TYPE_NONE",
      "trainer_sight_or_berry_tree_id": "0",
      "script": "0x0",
      "flag": "FLAG_DECORATION_6"
    },
    {
      "graphics_id": "OBJ_EVENT_GFX_VAR_6",
      "x": 1,
      "y": 0,
      "elevation": 0,
      "movement_type": "MOVEMENT_TYPE_LOOK_AROUND",
      "movement_range_x": 0,
      "movement_range_y": 0,
      "trainer_type": "TRAINER_TYPE_NONE",
      "trainer_sight_or_berry_tree_id": "0",
      "script": "0x0",
      "flag": "FLAG_DECORATION_7"
    },
    {
      "graphics_id": "OBJ_EVENT_GFX_VAR_7",
      "x": 1,
      "y": 1,
      "elevation": 0,
      "movement_type": "MOVEMENT_TYPE_LOOK_AROUND",
      "movement_range_x": 0,
      "movement_range_y": 0,
      "trainer_type": "TRAINER_TYPE_NONE",
      "trainer_sight_or_berry_tree_id": "0",
      "script": "0x0",
      "flag": "FLAG_DECORATION_8"
    },
    {
      "graphics_id": "OBJ_EVENT_GFX_VAR_8",
      "x": 1,
      "y": 2,
      "elevation": 3,
      "movement_type": "MOVEMENT_TYPE_LOOK_AROUND",
      "movement_range_x": 0,
      "movement_range_y": 0,
      "trainer_type": "TRAINER_TYPE_NONE",
      "trainer_sight_or_berry_tree_id": "0",
      "script": "0x0",
      "flag": "FLAG_DECORATION_9"
    },
    {
      "graphics_id": "OBJ_EVENT_GFX_VAR_9",
      "x": 1,
      "y": 3,
      "elevation": 3,
      "movement_type": "MOVEMENT_TYPE_LOOK_AROUND",
      "movement_range_x": 0,
      "movement_range_y": 0,
      "trainer_type": "TRAINER_TYPE_NONE",
      "trainer_sight_or_berry_tree_id": "0",
      "script": "0x0",
      "flag": "FLAG_DECORATION_10"
    },
    {
      "graphics_id": "OBJ_EVENT_GFX_VAR_A",
      "x": 1,
      "y": 4,
      "elevation": 3,
      "movement_type": "MOVEMENT_TYPE_LOOK_AROUND",
      "movement_range_x": 0,
      "movement_range_y": 0,
      "trainer_type": "TRAINER_TYPE_NONE",
      "trainer_sight_or_berry_tree_id": "0",
      "script": "0x0",
      "flag": "FLAG_DECORATION_11"
    },
    {
      "graphics_id": "OBJ_EVENT_GFX_VAR_B",
      "x": 1,
      "y": 5,
      "elevation": 0,
      "movement_type": "MOVEMENT_TYPE_LOOK_AROUND",
      "movement_range_x": 0,
      "movement_range_y": 0,
      "trainer_type": "TRAINER_TYPE_NONE",
      "trainer_sight_or_berry_tree_id": "0",
      "script": "0x0",
      "flag": "FLAG_DECORATION_12"
    },
    {
      "graphics_id": "OBJ_EVENT_GFX_MOM",
      "x": 7,
      "y": 1,
      "elevation": 3,
      "movement_type": "MOVEMENT_TYPE_FACE_DOWN",
      "movement_range_x": 1,
      "movement_range_y": 0,
      "trainer_type": "TRAINER_TYPE_NONE",
      "trainer_sight_or_berry_tree_id": "0",
      "script": "0x0",
      "flag": "FLAG_HIDE_LITTLE_ROOT_TOWN_PLAYERS_BEDROOM_MOM"
    },
    {
      "graphics_id": "OBJ_EVENT_GFX_ITEM_BALL",
      "x": 3,
      "y": 4,
      "elevation": 0,
      "movement_type": "MOVEMENT_TYPE_LOOK_AROUND",
      "movement_range_x": 1,
      "movement_range_y": 1,
      "trainer_type": "TRAINER_TYPE_NONE",
      "trainer_sight_or_berry_tree_id": "0",
      "script": "LittlerootTown_BrendansHouse_2F_EventScript_RivalsPokeBall",
      "flag": "FLAG_HIDE_LITTLEROOT_TOWN_BRENDANS_HOUSE_2F_POKE_BALL"
    },
    {
      "graphics_id": "OBJ_EVENT_GFX_SWABLU_DOLL",
      "x": 5,
      "y": 5,
      "elevation": 3,
      "movement_type": "MOVEMENT_TYPE_LOOK_AROUND",
      "movement_range_x": 1,
      "movement_range_y": 1,
      "trainer_type": "TRAINER_TYPE_NONE",
      "trainer_sight_or_berry_tree_id": "0",
      "script": "0x0",
      "flag": "FLAG_HIDE_LITTLEROOT_TOWN_BRENDANS_HOUSE_2F_SWABLU_DOLL"
    }
  ],
  "warp_events": [
    {
      "x": 7,
      "y": 1,
      "elevation": 0,
      "dest_map": "MAP_LITTLEROOT_TOWN_BRENDANS_HOUSE_1F",
      "dest_warp_id": 2
    }
  ],
  "coord_events": [],
  "bg_events": [
    {
      "type": "sign",
      "x": 0,
      "y": 1,
      "elevation": 0,
      "player_facing_dir": "BG_EVENT_PLAYER_FACING_NORTH",
      "script": "LittlerootTown_BrendansHouse_2F_EventScript_PC"
    },
    {
      "type": "sign",
      "x": 1,
      "y": 1,
      "elevation": 0,
      "player_facing_dir": "BG_EVENT_PLAYER_FACING_ANY",
      "script": "PlayersHouse_2F_EventScript_Notebook"
    },
    {
      "type": "sign",
      "x": 5,
      "y": 1,
      "elevation": 0,
      "player_facing_dir": "BG_EVENT_PLAYER_FACING_ANY",
      "script": "LittlerootTown_BrendansHouse_2F_EventScript_WallClock"
    },
    {
      "type": "sign",
      "x": 3,
      "y": 1,
      "elevation": 0,
      "player_facing_dir": "BG_EVENT_PLAYER_FACING_ANY",
      "script": "PlayersHouse_2F_EventScript_GameCube"
    }
  ]
}
